tag,case,parameter,median,err_low_percival,err_high_percival,ml,ncall,logz,logzerr
fid,pk_binavg,fnl_loc,-8.24065494932324,52.30129405377067,56.49155696607691,3.946302136564668,34220,-8.276580310503686,0.22738703918728304
fid,pk_binavg,b1,2.6794257277326454,0.1570572693956485,0.1688695225594642,2.7168410942987617,34220,-8.276580310503686,0.22738703918728304
fid,pk_binavg,sigmas,5.9435668755257005,4.10512347031822,4.828770026346607,1.7635215619841422,34220,-8.276580310503686,0.22738703918728304
fid,pk_binavg,sn0,0.4632349512500456,0.4693001218564679,0.37386807450801063,0.09245412954234622,34220,-8.276580310503686,0.22738703918728304
fid,xi_r50_350,fnl_loc,-11.126446195633614,67.11894617907087,68.57874893890674,-2.6475642020185433,34210,-12.662939079861811,0.3699017695541519
fid,xi_r50_350,b1,2.574420955760605,0.26500157305011907,0.24340724292730612,2.6623079229639517,34210,-12.662939079861811,0.3699017695541519
fid,xi_r50_350,sigmas,11.052469244184545,4.9317617108286695,7.203930907235299,9.296088296503706,34210,-12.662939079861811,0.3699017695541519
fid,xi_r50_350,sn0,0.00014941428457163625,0.0007378927994364767,0.000748330404059395,-5.871082646824455e-05,34210,-12.662939079861811,0.3699017695541519
fid,xi_r60_350,fnl_loc,-9.13369350761633,68.36026984807486,70.51905842100369,-4.67383190876194,32613,-11.97727810754531,0.32009373429415183
fid,xi_r60_350,b1,2.5508520355495103,0.34699750632710386,0.3117057799856297,2.681039699388371,32613,-11.97727810754531,0.32009373429415183
fid,xi_r60_350,sigmas,10.892149637805522,5.474663288133959,7.535918053633974,9.569670741546858,32613,-11.97727810754531,0.32009373429415183
fid,xi_r60_350,sn0,0.0001666625847175729,0.0008040931650282749,0.0007848139819345462,-8.886674381924919e-07,32613,-11.97727810754531,0.32009373429415183
fid,xi_r80_350,fnl_loc,-14.778804130702456,86.20415317547568,75.68961334072338,-0.8417475097047031,36164,-11.24459444834651,0.39791586991200323
fid,xi_r80_350,b1,2.4765397466661003,0.5795069035122148,0.52971707688115,2.8101848986159768,36164,-11.24459444834651,0.39791586991200323
fid,xi_r80_350,sigmas,10.64479961023641,6.507695121088841,8.123525885497251,10.4513465537357,36164,-11.24459444834651,0.39791586991200323
fid,xi_r80_350,sn0,1.776187325951238e-05,0.0008199437494558581,0.000911023120559466,1.4219481843547044e-05,36164,-11.24459444834651,0.39791586991200323
fid,xi_r100_350,fnl_loc,-21.285336685293753,118.92959263411431,72.06684914574457,-2.4580987482141836,41584,-10.26078240329627,0.36063838015594474
fid,xi_r100_350,b1,2.55882327860786,0.6002159857544305,0.5543315132342249,2.791156163844822,41584,-10.26078240329627,0.36063838015594474
fid,xi_r100_350,sigmas,11.675720136553325,8.462758706847774,11.367584667612682,10.382089191507465,41584,-10.26078240329627,0.36063838015594474
fid,xi_r100_350,sn0,9.274174492758316e-05,0.001038584183848393,0.0010201415772988591,5.627117660522707e-05,41584,-10.26078240329627,0.36063838015594474
LCp50,pk_binavg,fnl_loc,43.35923734112087,62.39423096457253,63.13325048467995,52.04843430434289,84196,-8.220395678972752,0.11128428501582781
LCp50,pk_binavg,b1,2.660114199464675,0.154497732088664,0.16828618557345337,2.700075826918701,84196,-8.220395678972752,0.11128428501582781
LCp50,pk_binavg,sigmas,5.91393512922939,4.066748168695472,4.665386075856234,0.3270086794321961,84196,-8.220395678972752,0.11128428501582781
LCp50,pk_binavg,sn0,0.4619301625668622,0.4676136455272531,0.3744573753091857,0.07283747786554651,84196,-8.220395678972752,0.11128428501582781
LCp50,xi_r50_350,fnl_loc,52.92139300563068,79.3854517834905,82.93019320845688,51.43223887504871,32281,-12.262822920181865,0.3353993773267945
LCp50,xi_r50_350,b1,2.5389094353836943,0.2717016321849048,0.24244023428377393,2.625897466866377,32281,-12.262822920181865,0.3353993773267945
LCp50,xi_r50_350,sigmas,11.246466005452746,5.0524375467938745,7.5898656864806275,9.349399007709273,32281,-12.262822920181865,0.3353993773267945
LCp50,xi_r50_350,sn0,0.00018723180683359432,0.00077655166259034,0.0007362202975623036,-3.2466395056829356e-05,32281,-12.262822920181865,0.3353993773267945
LCp50,xi_r60_350,fnl_loc,47.5114349844954,76.22062685477178,93.63962670180985,48.17747497224548,39391,-11.801773521287458,0.3471863578311332
LCp50,xi_r60_350,b1,2.5419176120402986,0.3325247905610489,0.31882077431910066,2.6595230589266747,39391,-11.801773521287458,0.3471863578311332
LCp50,xi_r60_350,sigmas,11.080000414840054,5.336740063969412,7.24474890938787,9.591295564017596,39391,-11.801773521287458,0.3471863578311332
LCp50,xi_r60_350,sn0,0.00012915385779878333,0.0007717270951815473,0.0007614751421756458,4.3347005165284e-06,39391,-11.801773521287458,0.3471863578311332
LCp50,xi_r80_350,fnl_loc,45.333080232110255,84.32227393781795,116.93282852002396,42.027735863280554,33185,-10.64454668932499,0.25346201124707984
LCp50,xi_r80_350,b1,2.4702255405174376,0.5678654826907716,0.5560799182604423,2.7983428352082265,33185,-10.64454668932499,0.25346201124707984
LCp50,xi_r80_350,sigmas,10.862292354207526,6.524580622780499,8.219686398719059,10.593220463177108,33185,-10.64454668932499,0.25346201124707984
LCp50,xi_r80_350,sn0,7.629328823883293e-05,0.0008768238086329497,0.0008463384569083508,-1.0940925412650238e-05,33185,-10.64454668932499,0.25346201124707984
LCp50,xi_r100_350,fnl_loc,38.709009202861445,83.41689843253977,99.26269456637439,44.538760251325925,38497,-10.009530236273681,0.24777558718483308
LCp50,xi_r100_350,b1,2.5698564571228073,0.5721132234795836,0.5818151332382016,2.751198174595713,38497,-10.009530236273681,0.24777558718483308
LCp50,xi_r100_350,sigmas,12.532880476929295,8.9951143046986,11.153473770180723,9.813323780475141,38497,-10.009530236273681,0.24777558718483308
LCp50,xi_r100_350,sn0,5.9245473874437255e-05,0.0009705708203350164,0.001036898793035555,9.317430023370044e-05,38497,-10.009530236273681,0.24777558718483308
LCp100,pk_binavg,fnl_loc,95.32129883029079,68.75253133627423,72.12322316016272,102.92450278449473,75533,-8.043710472570181,0.24741738189557858
LCp100,pk_binavg,b1,2.6340454289970077,0.15892004097854853,0.1787963135478259,2.6747420253264096,75533,-8.043710472570181,0.24741738189557858
LCp100,pk_binavg,sigmas,5.7631945025809825,4.011403586525731,4.697354554121901,0.13946145519238146,75533,-8.043710472570181,0.24741738189557858
LCp100,pk_binavg,sn0,0.47027335206608734,0.4707200480771302,0.3710971740113206,0.08922061435196382,75533,-8.043710472570181,0.24741738189557858
LCp100,xi_r50_350,fnl_loc,109.921527668355,88.44768061022471,109.1133015178656,104.17631511241939,35200,-12.201336120591213,0.49407911002411337
LCp100,xi_r50_350,b1,2.514326290672003,0.2785259240169468,0.26142548707152835,2.606984860361502,35200,-12.201336120591213,0.49407911002411337
LCp100,xi_r50_350,sigmas,10.901134770632513,4.994336357406404,7.646853465647833,9.26443825963665,35200,-12.201336120591213,0.49407911002411337
LCp100,xi_r50_350,sn0,0.00017473548663837754,0.0007674972585830155,0.0007528320338965333,-2.1015466019735918e-05,35200,-12.201336120591213,0.49407911002411337
LCp100,xi_r60_350,fnl_loc,110.01103488926408,93.15054424138386,117.35337595917912,98.67759008890675,36083,-11.649885579852478,0.42868059790909513
LCp100,xi_r60_350,b1,2.5139090100628017,0.3292901506196033,0.3167594842150968,2.6451036994275143,36083,-11.649885579852478,0.42868059790909513
LCp100,xi_r60_350,sigmas,10.978954065875218,5.474424418786977,7.7453868342892935,9.646241361173315,36083,-11.649885579852478,0.42868059790909513
LCp100,xi_r60_350,sn0,0.00014235565118330776,0.0007760675705674612,0.0007811596485531143,9.887580798562112e-08,36083,-11.649885579852478,0.42868059790909513
LCp100,xi_r80_350,fnl_loc,104.10974337262341,89.17569825114444,136.5472440591288,86.73275798914665,39602,-10.879780819630918,0.4707962550417867
LCp100,xi_r80_350,b1,2.510810299786889,0.51067693667018,0.5285743688025837,2.788811414730363,39602,-10.879780819630918,0.4707962550417867
LCp100,xi_r80_350,sigmas,10.95049807955797,6.473283361265452,7.906293268768878,10.639880622412328,39602,-10.879780819630918,0.4707962550417867
LCp100,xi_r80_350,sn0,8.526172057325598e-05,0.0008683832488220344,0.000816661122249818,-8.599734563352612e-07,39602,-10.879780819630918,0.4707962550417867
LCp100,xi_r100_350,fnl_loc,88.10067759652259,82.598287704812,126.80687514658597,90.47548603715506,52951,-10.070174793929374,0.15237501689694502
LCp100,xi_r100_350,b1,2.6081306570960567,0.5359939149246903,0.5566513483348042,2.749074959887166,52951,-10.070174793929374,0.15237501689694502
LCp100,xi_r100_350,sigmas,12.717469762084784,8.828043249931543,11.306532161362787,9.974355505193888,52951,-10.070174793929374,0.15237501689694502
LCp100,xi_r100_350,sn0,8.881975765771468e-05,0.0010395147746996313,0.0009839908100289171,7.520095832580509e-05,52951,-10.070174793929374,0.15237501689694502
